{
  "experiment": "M6_SG_Optimization_GradientBoosting",
  "preprocessing": {
    "method": "SG_Optimization_Morphological",
    "wavelength_range": [
      374.14,
      1015.32
    ],
    "n_original_features": 300,
    "n_final_features": 400,
    "sg_window_length": 19,
    "sg_polyorder": 3,
    "sg_optimized": true,
    "morphological_enabled": true,
    "n_morphological_features": 18,
    "feature_selection_method": "mutual_info_classif",
    "scaling_methods": [
      "StandardScaler",
      "RobustScaler"
    ]
  },
  "model_results": {
    "best_model": "lightgbm",
    "test_accuracy": 0.7609561752988048,
    "test_auc": 0.5784199363732767,
    "confusion_matrix": [
      [
        187,
        18
      ],
      [
        42,
        4
      ]
    ],
    "classification_report": {
      "Alive": {
        "precision": 0.8165938864628821,
        "recall": 0.9121951219512195,
        "f1-score": 0.8617511520737328,
        "support": 205.0
      },
      "Dead": {
        "precision": 0.18181818181818182,
        "recall": 0.08695652173913043,
        "f1-score": 0.11764705882352941,
        "support": 46.0
      },
      "accuracy": 0.7609561752988048,
      "macro avg": {
        "precision": 0.499206034140532,
        "recall": 0.499575821845175,
        "f1-score": 0.4896991054486311,
        "support": 251.0
      },
      "weighted avg": {
        "precision": 0.7002604903925387,
        "recall": 0.7609561752988048,
        "f1-score": 0.7253814776135361,
        "support": 251.0
      }
    },
    "cv_scores": {
      "sklearn_gb": {
        "mean": 0.8887931034482758,
        "std": 0.023035153820495476,
        "scores": [
          0.9094827586206896,
          0.8922413793103449,
          0.8448275862068966,
          0.8922413793103449,
          0.9051724137931034
        ]
      },
      "xgboost": {
        "mean": 0.888793103448276,
        "std": 0.022546029018313814,
        "scores": [
          0.896551724137931,
          0.896551724137931,
          0.8448275862068966,
          0.896551724137931,
          0.9094827586206896
        ]
      },
      "lightgbm": {
        "mean": 0.8991379310344827,
        "std": 0.017582825908940634,
        "scores": [
          0.9181034482758621,
          0.8879310344827587,
          0.8706896551724138,
          0.9051724137931034,
          0.9137931034482759
        ]
      }
    },
    "best_params": {
      "sklearn_gb": {
        "learning_rate": 0.08,
        "max_depth": 6,
        "max_features": null,
        "min_samples_leaf": 4,
        "min_samples_split": 20,
        "n_estimators": 100,
        "subsample": 0.9
      },
      "xgboost": {
        "colsample_bytree": 0.9788994309535435,
        "gamma": 0.49300053191143545,
        "learning_rate": 0.22847967372509306,
        "max_depth": 8,
        "min_child_weight": 3,
        "n_estimators": 463,
        "reg_alpha": 1.11680849947161,
        "reg_lambda": 2.696888036987905,
        "subsample": 0.9625417540378944
      },
      "lightgbm": {
        "colsample_bytree": 0.8483222737688365,
        "learning_rate": 0.11074988838537012,
        "max_depth": 13,
        "min_child_samples": 20,
        "min_split_gain": 0.007586332810866393,
        "n_estimators": 348,
        "num_leaves": 99,
        "reg_alpha": 0.3038053870245887,
        "reg_lambda": 1.5553086905976405,
        "subsample": 0.8563498979212858
      }
    },
    "training_time": 1826.4848828315735,
    "optimization_time": 1707.717106103897,
    "feature_importance": [
      12,
      5,
      21,
      21,
      17,
      7,
      12,
      40,
      82,
      43,
      41,
      3,
      4,
      10,
      0,
      6,
      8,
      1,
      5,
      5,
      18,
      88,
      5,
      1,
      0,
      10,
      10,
      24,
      48,
      3,
      4,
      3,
      8,
      13,
      19,
      11,
      3,
      4,
      6,
      71,
      10,
      6,
      1,
      7,
      3,
      4,
      0,
      16,
      56,
      55,
      21,
      3,
      4,
      4,
      4,
      0,
      0,
      6,
      27,
      83,
      8,
      3,
      0,
      0,
      2,
      1,
      1,
      9,
      45,
      9,
      5,
      2,
      7,
      0,
      4,
      4,
      9,
      5,
      27,
      18,
      19,
      10,
      2,
      0,
      4,
      9,
      6,
      6,
      11,
      29,
      3,
      5,
      11,
      46,
      68,
      33,
      11,
      17,
      1,
      4,
      4,
      9,
      18,
      26,
      39,
      27,
      48,
      24,
      16,
      7,
      7,
      13,
      18,
      15,
      56,
      37,
      61,
      19,
      59,
      37,
      8,
      13,
      6,
      1,
      4,
      0,
      6,
      1,
      5,
      53,
      10,
      26,
      65,
      32,
      53,
      78,
      42,
      42,
      44,
      5,
      2,
      0,
      0,
      0,
      0,
      0,
      0,
      0,
      113,
      4,
      16,
      4,
      26,
      50,
      119,
      138,
      11,
      68,
      42,
      10,
      86,
      35,
      57,
      10,
      0,
      0,
      1,
      2,
      0,
      7,
      1,
      0,
      8,
      9,
      15,
      4,
      16,
      0,
      5,
      2,
      5,
      0,
      2,
      0,
      12,
      5,
      6,
      2,
      28,
      1,
      4,
      2,
      0,
      2,
      0,
      0,
      16,
      39,
      3,
      24,
      3,
      0,
      6,
      3,
      5,
      2,
      3,
      10,
      15,
      8,
      23,
      0,
      1,
      4,
      0,
      1,
      1,
      0,
      1,
      0,
      2,
      16,
      1,
      0,
      0,
      0,
      1,
      5,
      5,
      1,
      1,
      0,
      5,
      1,
      4,
      6,
      1,
      0,
      2,
      15,
      1,
      1,
      1,
      1,
      0,
      0,
      0,
      5,
      8,
      8,
      5,
      0,
      0,
      0,
      0,
      0,
      0,
      3,
      2,
      15,
      0,
      0,
      0,
      0,
      1,
      0,
      0,
      0,
      5,
      2,
      3,
      0,
      1,
      0,
      0,
      0,
      0,
      2,
      6,
      3,
      1,
      3,
      3,
      0,
      0,
      1,
      2,
      0,
      4,
      7,
      3,
      0,
      3,
      8,
      4,
      4,
      0,
      3,
      0,
      1,
      0,
      0,
      2,
      4,
      10,
      2,
      5,
      2,
      4,
      1,
      2,
      4,
      2,
      1,
      9,
      7,
      11,
      8,
      14,
      8,
      1,
      5,
      2,
      0,
      3,
      1,
      0,
      0,
      1,
      4,
      1,
      6,
      13,
      2,
      6,
      15,
      9,
      8,
      1,
      0,
      0,
      0,
      0,
      0,
      0,
      0,
      0,
      0,
      68,
      1,
      6,
      0,
      6,
      28,
      11,
      22,
      1,
      6,
      7,
      4,
      14,
      9,
      3,
      0,
      0,
      0,
      0,
      2,
      0,
      1,
      0,
      0,
      5,
      2,
      0,
      0,
      2,
      0,
      0,
      0,
      1,
      0,
      0,
      0,
      2,
      0,
      5,
      0,
      4,
      0,
      0,
      0,
      0,
      0,
      0,
      0,
      6,
      3,
      0,
      5
    ]
  },
  "timestamp": "2025-06-27 13:07:11"
}