{
  "best_params": {
    "conv_layers": 2,
    "filters_start": 16,
    "dropout_rate": 0.2,
    "dense_units": 64,
    "learning_rate": 0.001
  },
  "input_shape": [
    "2",
    "163",
    1
  ],
  "training_history": {
    "loss": [
      NaN,
      NaN,
      NaN,
      NaN,
      NaN,
      NaN,
      NaN,
      NaN,
      NaN,
      NaN,
      NaN,
      NaN,
      NaN,
      NaN,
      NaN,
      NaN,
      NaN
    ],
    "accuracy": [
      0.5356622934341431,
      0.5371178984642029,
      0.5371178984642029,
      0.5371178984642029,
      0.5371178984642029,
      0.5371178984642029,
      0.5371178984642029,
      0.5371178984642029,
      0.5371178984642029,
      0.5371178984642029,
      0.5371178984642029,
      0.5371178984642029,
      0.5371178984642029,
      0.5371178984642029,
      0.5371178984642029,
      0.5371178984642029,
      0.5371178984642029
    ],
    "val_loss": [
      NaN,
      NaN,
      NaN,
      NaN,
      NaN,
      NaN,
      NaN,
      NaN,
      NaN,
      NaN,
      NaN,
      NaN,
      NaN,
      NaN,
      NaN,
      NaN,
      NaN
    ],
    "val_accuracy": [
      0.5406976938247681,
      0.5406976938247681,
      0.5406976938247681,
      0.5406976938247681,
      0.5406976938247681,
      0.5406976938247681,
      0.5406976938247681,
      0.5406976938247681,
      0.5406976938247681,
      0.5406976938247681,
      0.5406976938247681,
      0.5406976938247681,
      0.5406976938247681,
      0.5406976938247681,
      0.5406976938247681,
      0.5406976938247681,
      0.5406976938247681
    ],
    "epochs": 17
  }
}