{
  "experiment": "G4_Raw_Augmentation_Transformer",
  "preprocessing": "Minimal + Comprehensive Data Augmentation",
  "algorithm": "Transformer (Multi-Head Self-Attention)",
  "hyperparameter_optimization": {
    "method": "Grid search with cross-validation",
    "trials": 12,
    "best_cv_score": 0.5
  },
  "best_parameters": {
    "embed_dim": 64,
    "num_heads": 4,
    "ff_dim": 128,
    "num_layers": 2,
    "dropout_rate": 0.1,
    "learning_rate": 0.001
  },
  "test_results": {
    "accuracy": 0.4604651162790698,
    "confusion_matrix": [
      [
        0,
        116
      ],
      [
        0,
        99
      ]
    ]
  },
  "training_history": {
    "loss": [
      0.701321542263031,
      0.6931615471839905,
      0.6931613087654114,
      0.6931618452072144,
      0.693162739276886,
      0.693164050579071,
      0.6931657791137695,
      0.6931676268577576,
      0.6931696534156799,
      0.6931719779968262,
      0.6931741833686829,
      0.6931766867637634,
      0.693170964717865,
      0.6931721568107605,
      0.6931734085083008,
      0.6931746006011963,
      0.6931757926940918,
      0.6931769847869873,
      0.6931781768798828,
      0.6931794285774231,
      0.6931806206703186,
      0.6931818127632141
    ],
    "accuracy": [
      0.4790257215499878,
      0.5006765723228455,
      0.5006765723228455,
      0.5006765723228455,
      0.5006765723228455,
      0.5006765723228455,
      0.5006765723228455,
      0.5006765723228455,
      0.5006765723228455,
      0.5006765723228455,
      0.5006765723228455,
      0.5006765723228455,
      0.5006765723228455,
      0.5006765723228455,
      0.5006765723228455,
      0.5006765723228455,
      0.5006765723228455,
      0.5006765723228455,
      0.5006765723228455,
      0.5006765723228455,
      0.5006765723228455,
      0.5006765723228455
    ],
    "val_loss": [
      0.6931496262550354,
      0.6931546330451965,
      0.6931599974632263,
      0.6931655406951904,
      0.6931712627410889,
      0.6931769847869873,
      0.6931827068328857,
      0.693188488483429,
      0.6931941509246826,
      0.693199872970581,
      0.6932053565979004,
      0.6932106614112854,
      0.6932134032249451,
      0.6932158470153809,
      0.693218469619751,
      0.6932209730148315,
      0.6932233572006226,
      0.6932257413864136,
      0.6932280659675598,
      0.693230390548706,
      0.6932327747344971,
      0.693234920501709
    ],
    "val_accuracy": [
      0.4972972869873047,
      0.4972972869873047,
      0.4972972869873047,
      0.4972972869873047,
      0.4972972869873047,
      0.4972972869873047,
      0.4972972869873047,
      0.4972972869873047,
      0.4972972869873047,
      0.4972972869873047,
      0.4972972869873047,
      0.4972972869873047,
      0.4972972869873047,
      0.4972972869873047,
      0.4972972869873047,
      0.4972972869873047,
      0.4972972869873047,
      0.4972972869873047,
      0.4972972869873047,
      0.4972972869873047,
      0.4972972869873047,
      0.4972972869873047
    ],
    "epochs": 22
  },
  "sequence_length": 300,
  "training_samples": 924,
  "test_samples": 215
}