{
  "experiment": "G2_SNV_SG_Ensemble",
  "preprocessing": "SNV + Savitzky-Golay 2nd derivative + Spectral ratios",
  "algorithm": "Ensemble (Random Forest + SVM + XGBoost)",
  "hyperparameter_optimization": {
    "method": "Bayesian optimization",
    "n_calls": 30,
    "best_cv_score": 0.5506323949408405
  },
  "cross_validation_scores": {
    "rf": {
      "mean": 0.5389908880728955,
      "std": 0.03367314523468323,
      "scores": [
        0.5465116279069767,
        0.5174418604651163,
        0.5,
        0.5988372093023255,
        0.5321637426900585
      ]
    },
    "svm": {
      "mean": 0.5378348973208213,
      "std": 0.0026015813398699203,
      "scores": [
        0.5348837209302325,
        0.5348837209302325,
        0.5406976744186046,
        0.5406976744186046,
        0.5380116959064327
      ]
    },
    "xgb": {
      "mean": 0.5459540323677412,
      "std": 0.03184648078205315,
      "scores": [
        0.5813953488372093,
        0.5290697674418605,
        0.5116279069767442,
        0.5872093023255814,
        0.52046783625731
      ]
    },
    "ensemble": {
      "mean": 0.5506323949408405,
      "std": 0.032234298479934746,
      "scores": [
        0.5988372093023255,
        0.5174418604651163,
        0.5174418604651163,
        0.5755813953488372,
        0.543859649122807
      ]
    }
  },
  "test_results": {
    "accuracy": 0.5069767441860465,
    "individual_accuracies": {
      "rf": 0.5389908880728955,
      "svm": 0.5378348973208213,
      "xgb": 0.5459540323677412
    },
    "confusion_matrix": [
      [
        79,
        37
      ],
      [
        69,
        30
      ]
    ]
  },
  "best_parameters": {
    "rf": {
      "n_estimators": 